"","Andalucía","Aragón","Asturias, Principado de","Balears, Illes","Canarias","Cantabria","Castilla y León","Castilla - La Mancha","Cataluña","Comunitat Valenciana","Extremadura","Galicia","Madrid, Comunidad de","Murcia, Región de","Navarra, Comunidad Foral de","País Vasco","Rioja, La"
"X2023M12"," 90.504"," 91.893"," 86.997"," 93.551","105.965"," 83.241"," 91.972"," 98.944"," 86.667"," 84.725","104.447"," 94.210"," 94.252"," 83.763"," 77.612"," 87.335"," 84.923"
"X2023M11"," 99.485","117.919"," 96.107","100.576","121.827"," 99.405","116.212","112.129","107.559"," 98.063","103.393","114.469","119.888"," 97.485","106.554","109.276"," 99.738"
"X2023M10","104.806","106.165"," 93.357","112.829","118.014"," 97.543","102.073","111.441","105.152"," 92.348","100.571","101.654","114.532","101.389","104.691","105.549","100.985"
"X2023M09","101.853","104.316"," 93.509","110.561","119.983"," 92.781"," 98.201","111.774","100.111","102.339","114.382"," 92.415","115.964"," 97.743","106.543","105.261"," 97.713"
"X2023M08"," 95.879"," 83.581"," 78.239","115.589","108.282"," 80.794"," 72.096"," 93.837"," 78.203"," 76.306","127.808"," 76.863"," 85.494"," 93.095"," 73.365"," 66.574"," 69.487"
"X2023M07","106.724","115.070"," 91.366","137.720","115.048"," 86.010"," 92.963","110.424","104.431","102.703","111.882"," 90.346","112.847","105.492"," 88.891"," 99.548"," 93.288"
"X2023M06","106.459","116.062"," 91.608","129.056","110.849"," 99.286","101.661"," 97.379","106.666","109.145","110.930"," 98.243","118.048","100.158","112.405","110.722"," 93.525"
"X2023M05","103.983","122.379"," 96.218","118.384","112.163","104.921","108.379","106.527","108.430","108.529"," 93.749","104.048","114.655","103.239","110.331","112.406","105.372"
"X2023M04"," 96.187"," 98.832"," 85.576","101.568"," 97.715"," 93.214"," 92.502"," 99.837"," 93.007"," 96.593"," 93.404"," 88.239"," 98.312"," 90.830"," 86.700"," 89.465"," 87.425"
"X2023M03","108.005","121.442","103.658","115.924","118.220","114.296","114.084","116.659","114.001","118.037","110.749","107.634","123.154","102.547","112.388","118.186","109.581"
"X2023M02"," 97.767","103.824"," 95.858","103.600","103.031"," 99.214"," 99.753","101.819"," 99.328","104.008","100.225"," 93.542","109.556"," 90.211","102.745","101.700","102.669"
"X2023M01"," 88.733","102.996"," 93.260"," 92.713","102.134"," 97.887","107.011","100.464"," 96.759"," 97.545","100.283","105.560","103.115"," 86.371"," 97.395","101.136"," 96.654"
"X2022M12"," 94.959"," 91.163"," 93.432"," 92.923","102.538"," 88.252"," 95.032","100.185"," 92.545"," 93.362"," 92.578","102.157","102.121"," 84.729"," 86.533"," 87.704"," 88.309"
"X2022M11","101.301","112.888"," 95.890"," 96.895","110.431","101.439","110.268","113.729","106.106","106.846"," 98.742","104.652","117.525"," 98.859","112.238","111.597"," 99.796"
"X2022M10","108.689","102.168"," 99.754","111.918","106.762","105.479"," 95.174","107.041","100.302","105.832"," 78.185"," 96.400","110.659","102.531","108.665","107.161","106.700"
"X2022M09","115.411","108.405"," 95.628","132.615","109.329"," 98.840","100.518","108.444","104.579","111.381","112.038"," 96.059","117.387","107.886","114.804","109.467","110.864"
"X2022M08","102.418"," 81.824"," 97.167","125.979","104.439"," 87.006"," 75.345"," 93.195"," 79.038"," 83.789","122.029"," 83.375"," 84.803","102.235"," 91.542"," 70.274"," 79.839"
"X2022M07","117.801","109.986","103.389","136.245","111.770"," 91.839"," 92.716","105.934","102.728","112.753","102.650"," 93.435","109.164","115.985"," 87.881","108.061","107.974"
"X2022M06","113.707","120.195","104.534","128.511","106.312"," 99.965"," 99.607","104.548","104.931","115.238","103.214","103.914","113.496","112.695","115.437","115.537"," 96.780"
"X2022M05","103.131","119.108","102.456","111.150","105.283","111.103","101.030","105.527","110.098","113.500","115.554","101.354","113.232","104.729","111.761","116.989","108.730"
"X2022M04"," 97.282","106.330"," 98.362","108.294","100.221","101.012"," 96.112","105.284"," 99.471"," 97.519","102.509"," 93.331"," 99.745"," 97.357"," 95.795"," 97.388"," 99.108"
"X2022M03"," 99.431","112.020","103.179","112.661","107.440","106.868","102.806","109.982","113.067","109.272","100.840"," 91.577","117.267","104.111","116.209","113.399","119.406"
"X2022M02"," 96.514","105.151"," 99.938"," 96.571"," 94.311","101.475"," 94.798"," 97.530","101.424","104.299"," 97.201"," 95.686","102.491","100.504","108.533","106.376","103.167"
"X2022M01","103.461"," 96.717","105.352"," 94.555"," 97.748"," 96.740"," 95.348"," 97.489"," 93.359","100.278"," 89.304"," 95.653"," 94.769"," 97.245","100.499","100.589"," 96.218"
"X2021M12","106.623"," 97.038","109.308"," 93.013","102.196"," 96.086"," 98.681"," 99.984"," 94.545"," 96.853"," 72.636","100.101","101.494","102.601"," 88.200"," 91.860"," 90.924"
"X2021M11","109.901","113.742","108.958","101.942","107.961","101.542","108.067","113.745","108.781","103.114"," 92.383","100.647","111.718","109.343","112.278","110.874","105.734"
"X2021M10","102.731"," 99.607","105.372","110.379","105.909"," 96.569"," 93.031","105.575","100.854","100.003","105.028"," 97.528","101.378"," 95.527","105.287","106.089","103.271"
"X2021M09","103.876"," 96.952","106.672","113.410","107.523","103.682"," 99.510","104.757","100.752","110.432","115.101","100.401","104.508","107.331","110.778","103.703","108.085"
"X2021M08"," 88.327"," 77.872"," 85.196","110.805"," 95.510"," 89.789"," 77.840"," 89.529"," 75.867"," 80.926","127.109"," 83.314"," 76.226"," 96.496"," 82.496"," 68.322"," 78.395"
"X2021M07","104.696","102.471"," 98.626","116.708","105.055"," 96.556"," 97.762","106.916","106.069","105.608","110.588"," 96.941","106.276","106.735"," 95.386","107.775","108.222"
"X2021M06","105.681","104.365"," 98.356","101.615"," 94.111"," 99.465","100.232"," 92.992","101.814","105.338","106.951"," 96.616","105.004","103.146","111.490","106.238","106.493"
"X2021M05","101.555","102.928"," 99.471"," 88.816"," 94.187","103.527"," 97.658"," 94.435","104.537","103.099","105.711"," 96.242","100.277","104.259","105.208","107.140"," 99.099"
"X2021M04"," 96.387"," 95.063","100.050"," 90.744"," 96.758"," 98.957"," 95.058"," 97.551","102.286"," 98.717"," 81.344","104.472"," 98.449"," 99.315"," 97.497"," 98.668"," 97.309"
"X2021M03"," 99.047","112.040","100.333"," 97.662","103.283","115.364","114.412","107.848","111.236","110.845"," 93.049","111.414","111.807","101.451","103.597","110.460","109.468"
"X2021M02"," 87.966"," 99.202"," 91.225"," 87.266"," 89.302","103.322","114.564"," 93.564"," 98.807"," 93.016"," 92.742","107.826"," 99.291"," 87.662"," 94.362"," 97.519"," 92.961"
"X2021M01"," 93.211"," 98.719"," 96.433"," 87.639"," 98.204"," 95.141","103.185"," 93.103"," 94.452"," 92.048"," 97.358","104.499"," 83.571"," 86.134"," 93.423"," 91.352","100.038"
"X2020M12"," 95.829"," 99.404"," 88.914"," 92.264"," 98.006"," 90.372","102.745"," 95.589"," 91.434"," 97.240"," 92.922"," 99.016"," 98.936"," 91.928"," 82.857"," 86.311"," 97.036"
"X2020M11"," 97.911","107.332"," 94.105"," 86.158","101.978","101.737","111.745","100.151","103.002","104.177","100.502","105.459","101.941"," 99.604","103.428","103.320","112.221"
"X2020M10","101.442","112.968"," 95.773"," 90.928","103.595","101.560","111.578","107.833","104.461","105.788","103.356","104.721","102.871"," 95.860","102.799","104.472","111.082"
"X2020M09","102.721","110.175"," 87.084"," 89.587"," 97.969","101.366","101.666","103.717","100.220","102.825","121.742","108.962","101.772","107.154","106.380","103.346","100.559"
"X2020M08"," 93.488"," 81.013"," 72.930"," 98.433"," 95.391"," 79.850"," 72.500"," 89.538"," 70.899"," 79.358","118.147"," 82.205"," 79.131"," 97.835"," 84.322"," 61.662"," 67.757"
"X2020M07","109.992","107.729"," 85.809","102.316"," 99.900"," 92.735","106.078","105.286","104.054","107.259","100.920"," 97.754","106.478","116.927"," 89.943","104.318"," 95.510"
"X2020M06"," 95.166"," 98.634"," 82.715"," 84.700"," 88.177"," 92.618"," 95.762"," 88.742"," 90.588"," 94.988"," 76.070"," 86.478"," 94.321","106.304"," 96.095"," 95.363"," 83.725"
"X2020M05","82.411","77.969","76.046","76.237","85.294","78.074","78.223","82.680","78.908","80.188","64.975","69.017","84.866","91.412","78.131","80.896","83.338"
"X2020M04","72.741","59.934","64.111","65.458","78.912","65.546","60.624","71.280","66.738","61.085","67.321","56.004","72.161","83.965","55.124","61.136","71.139"
"X2020M03"," 91.083"," 94.762"," 93.073"," 95.987","105.699"," 90.393"," 91.468"," 99.090"," 96.206"," 93.154"," 95.454"," 93.886"," 96.876"," 95.933"," 82.664"," 90.638","103.041"
"X2020M02"," 97.686","108.375"," 94.985"," 98.713","103.018"," 92.711","104.615"," 95.236","102.508"," 99.756"," 88.131"," 99.728","101.390"," 90.141"," 98.467","104.662","108.662"
"X2020M01","102.352","102.204"," 99.724"," 97.899","110.061"," 98.235","104.152"," 99.303"," 99.249"," 94.818"," 95.848","104.323"," 98.015"," 94.913","106.710","100.720","106.021"
"X2019M12"," 99.659"," 91.199"," 93.016"," 99.049","106.610"," 82.465"," 92.052"," 95.906"," 87.816"," 88.137"," 90.031"," 99.299"," 94.868"," 89.124"," 90.732"," 93.573"," 92.720"
"X2019M11","103.739","109.807","100.718","101.589","109.180","100.296","110.715","107.411","102.596"," 99.896"," 83.050","110.973","104.769"," 95.963","114.897","112.993","112.622"
"X2019M10","116.915","109.324","100.889","113.231","112.109","107.541","110.167","114.946","111.063","107.405"," 81.726","107.257","106.733","105.551","129.198","120.327","125.334"
"X2019M09","107.837","101.843","100.195","113.213","105.929"," 98.912","102.854","104.125"," 99.700","102.584","116.750","100.053","100.620","105.060","108.424","110.619","107.442"
"X2019M08"," 99.261"," 79.643"," 91.878","120.796","108.552"," 83.118"," 81.454"," 90.192"," 78.430"," 76.883","119.226"," 85.473"," 82.268"," 91.691"," 84.360"," 73.336"," 79.860"
"X2019M07","118.106","115.202","102.148","133.625","118.414"," 99.467","106.947","111.960","110.521","110.484"," 99.001","108.730","109.764","121.771","101.245","115.235","118.369"
"X2019M06","107.881","109.882","100.263","119.195","102.104","101.558","107.797","101.434","101.058","101.062"," 96.245"," 95.905","103.581","102.454","105.307","108.124","103.555"
"X2019M05","110.729","119.870","104.653","122.329","109.987","106.797","116.868","104.959","112.300","107.737"," 99.010","103.195","110.809","110.821","109.956","117.609","113.703"
"X2019M04","101.464","102.317"," 98.381","112.103","105.095","102.514","101.869"," 99.487","101.501"," 98.655"," 88.664"," 99.608"," 99.049"," 97.134"," 91.045","101.782","106.535"
"X2019M03","107.227","113.314","105.726","111.970","110.608","107.731","112.472","105.140","110.541","102.338"," 94.110","101.459","107.036"," 94.727"," 97.724","110.637","112.906"
"X2019M02","106.159","108.276"," 97.666","109.652","103.627","102.293","107.402","100.256","101.707"," 97.698"," 86.932"," 97.545"," 99.522"," 88.960"," 92.996","104.661","112.377"
"X2019M01","117.378","105.053","106.938","107.392","111.724","103.681","105.412","106.379","105.082"," 97.021"," 97.381","101.374","100.412"," 96.845","100.236","108.318","110.714"
"X2018M12","109.662"," 86.689","101.753"," 96.009","102.738"," 94.464"," 85.743"," 91.415"," 85.883"," 87.239"," 85.907"," 93.227"," 93.042"," 86.850"," 72.422"," 88.552"," 83.002"
"X2018M11","108.428","112.645","112.644","101.975","113.018","100.637","109.142","105.826","108.285","101.429"," 75.503","107.379","102.332"," 96.486"," 93.569","110.699","110.089"
"X2018M10","110.013","113.735","114.110","122.630","116.582","107.991","116.471","111.345","111.491","102.444","100.480","112.048","110.771"," 98.180","102.958","114.537","112.843"
"X2018M09","103.501","104.549","108.158","125.726","105.028","101.626"," 95.266"," 98.096"," 98.190"," 99.467","122.069","100.753"," 98.940"," 95.729"," 94.167","104.259"," 94.843"
"X2018M08"," 99.984"," 78.715"," 96.930","136.177","109.870"," 91.110"," 84.620"," 86.855"," 79.939"," 79.373","118.605"," 91.088"," 81.464"," 88.766"," 79.781"," 71.001"," 80.899"
"X2018M07","114.199","107.317","103.832","145.032","119.251","100.391","112.415","104.268","110.543","104.470","102.413","108.515","105.483"," 95.173"," 85.394","110.031","111.607"
"X2018M06","108.389","114.489","102.040","129.667","113.811","103.794","108.726"," 99.072","107.444","103.897"," 94.722","103.339"," 97.504"," 98.988","100.896","111.807","109.019"
"X2018M05","108.570","115.006","105.245","128.498","115.493","105.706","118.035","103.509","112.879","106.462"," 95.639","112.050"," 99.823"," 99.214","106.793","116.889","117.140"
"X2018M04"," 99.826","105.004","102.377","124.232","109.300","102.754","111.173","104.212","105.541"," 95.419"," 84.900","111.674"," 99.643"," 85.731"," 93.138","103.028","107.344"
"X2018M03","103.698","109.623","102.784","118.880","112.433","109.043","117.702","103.294","108.739","101.908","102.332","110.203","111.556"," 89.636"," 98.488","108.280","116.944"
"X2018M02","103.017","104.883","100.695","115.726","100.854","102.961","106.710"," 93.901","103.470"," 96.161"," 95.490","104.407"," 97.593"," 88.381"," 95.793","103.685","114.426"
"X2018M01","115.343","103.743","104.796","111.794","108.306","103.824","101.664","100.629","104.840"," 95.992"," 99.594","104.120"," 93.877"," 92.756"," 92.999","105.078","115.113"
"X2017M12","113.725"," 88.642","104.253","116.867","112.662"," 87.585"," 95.402"," 95.009"," 93.512"," 87.493"," 90.982"," 94.448"," 90.532"," 92.513"," 81.680"," 91.595","101.534"
"X2017M11","120.036","114.298","115.451","116.186","121.970","102.664","114.565","103.401","114.002"," 98.341"," 99.524","106.182"," 99.039","108.298"," 94.840","116.991","127.229"
"X2017M10","114.096","106.469","109.738","120.990","118.917"," 99.843","111.162","106.511","108.581"," 95.530","100.261","105.358"," 97.475","109.940","100.186","112.385","124.056"
"X2017M09","112.307","107.431","101.057","119.624","105.970"," 98.071","105.252","100.725","103.768"," 99.872","109.571","100.363"," 97.663"," 92.004"," 96.646","111.268","106.713"
"X2017M08","101.673"," 81.945"," 90.074","135.699","109.254"," 87.541"," 75.518"," 90.089"," 79.898"," 77.416","118.681"," 90.751"," 79.285"," 86.495"," 73.868"," 73.617"," 86.626"
"X2017M07","115.472","109.629","100.505","141.752","115.759"," 90.244","102.560","104.078","106.505","101.786"," 84.588","104.656"," 99.013"," 99.509"," 79.107","104.738","114.435"
"X2017M06","116.013","113.411","105.946","142.907","108.628"," 98.411","111.544","104.114","106.702","108.160"," 93.299","107.011","105.512"," 96.530","103.191","109.044","115.032"
"X2017M05","108.993","114.017","106.848","140.921","107.631"," 97.951","114.932","101.388","110.955","106.154"," 98.596","104.052","105.711"," 89.768","101.912","113.566","122.289"
"X2017M04"," 97.855"," 90.510"," 93.964","122.420","102.660"," 91.939"," 92.975"," 98.167"," 92.076"," 88.719"," 88.486"," 92.050"," 89.579"," 81.491"," 86.798"," 92.749"," 96.849"
"X2017M03","110.839","111.545","103.686","125.971","116.117","107.730","117.489","108.057","113.964","108.809"," 98.701","103.920","112.115"," 94.880","106.214","118.152","129.369"
"X2017M02"," 98.311","105.844"," 96.736","116.287","100.615"," 91.023","105.919"," 96.456","100.210"," 94.635"," 88.173"," 91.950","100.061"," 81.492"," 95.032","100.324","106.540"
"X2017M01","113.941"," 99.775"," 98.338","118.531","111.444"," 89.698","107.297"," 95.415"," 97.405"," 95.685"," 95.729"," 99.266"," 93.291"," 90.899"," 92.779"," 99.020","116.744"
"X2016M12","109.185"," 84.572"," 98.147","106.899","111.003"," 82.819"," 98.664"," 88.223"," 89.864"," 86.770"," 77.268"," 87.095"," 92.285"," 82.506"," 75.461"," 91.668"," 95.870"
"X2016M11","110.071","108.354"," 99.586","113.293","113.168"," 93.969","115.426","105.048","105.709","102.432"," 75.638","103.341"," 99.191"," 84.530","101.077","109.794","122.046"
"X2016M10","104.094"," 98.915"," 89.167","125.174","109.311"," 88.929","110.730","100.306","100.730"," 94.676"," 97.888","100.945"," 97.254"," 85.509"," 94.205","100.751","115.654"
"X2016M09","109.150","103.252"," 92.082","133.221","110.721"," 92.801","111.657","102.685","104.248","100.999","110.241","101.909","100.115"," 92.916","100.948","101.666","114.604"
"X2016M08"," 98.425"," 74.125"," 83.659","136.745","113.079"," 78.071"," 82.079"," 89.176"," 74.295"," 75.395","111.611"," 89.299"," 80.488"," 83.940"," 80.924"," 71.306"," 85.363"
"X2016M07","114.516","100.843"," 90.246","151.123","113.229"," 84.562","105.112","103.004","104.616","100.040"," 95.898"," 94.453"," 98.567"," 88.609"," 74.459","100.344","112.186"
"X2016M06","108.818","103.724"," 87.939","135.877","109.778"," 93.505","108.634","104.401","104.053","104.516"," 99.430"," 97.980","100.764"," 84.649","101.707","105.566","120.238"
"X2016M05","100.104","104.154"," 90.692","131.000","108.137"," 93.816","114.801"," 94.929","102.313","100.047","101.186"," 96.968","102.057"," 87.181"," 99.127","107.670","121.250"
"X2016M04"," 98.387","101.997"," 89.937","131.085","111.865"," 96.627","122.587","102.326","105.686"," 98.545"," 96.192","102.526","104.648"," 81.855"," 98.066","105.143","120.676"
"X2016M03","103.121","101.247"," 99.916","125.092","115.371"," 93.923","125.671","101.791","101.462"," 97.946"," 97.125","105.835"," 98.606"," 79.454"," 96.271","101.501","121.847"
"X2016M02"," 99.916","101.073"," 90.033","118.939","109.396"," 88.403","115.174"," 98.168"," 99.685","100.216"," 76.712","102.433"," 98.131"," 78.575"," 95.282","102.426","117.025"
"X2016M01","104.445"," 90.990"," 86.432","104.008","110.031"," 81.077","103.069"," 92.371"," 90.914"," 90.540"," 77.578"," 96.067"," 92.490"," 72.432"," 81.320"," 93.531","105.336"
"X2015M12","104.368"," 86.305"," 92.960","106.230","111.764"," 75.013","100.506"," 88.802"," 89.477"," 87.012"," 81.499"," 90.704"," 95.126"," 81.443"," 73.279"," 94.465","103.093"
"X2015M11","102.805"," 96.283","100.055","102.720","112.752"," 86.100","117.950","100.645"," 99.144"," 95.372"," 88.583"," 98.594"," 97.137"," 85.956"," 92.535","104.819","128.159"
"X2015M10","103.906","100.591","104.817","120.665","115.548"," 92.763","111.190","103.060","101.097"," 94.502"," 87.184"," 99.242"," 98.496"," 86.450"," 96.720","104.724","127.882"
"X2015M09","104.098","105.558"," 99.765","130.067","115.886"," 93.747","110.626","107.786"," 99.173","100.096","106.698"," 98.456","101.927"," 86.991","101.812","109.166","123.254"
"X2015M08","100.323"," 77.544"," 87.876","146.535","118.596"," 76.663"," 82.022"," 92.570"," 70.626"," 70.529","130.702"," 81.556"," 65.300"," 76.224"," 60.532"," 63.429"," 87.741"
"X2015M07","122.085","117.235","104.793","162.447","124.691"," 91.259","120.794","115.313","108.119","106.480","107.803","104.596","102.876","101.838"," 91.306","110.490","129.764"
"X2015M06","111.606","108.140","100.075","134.318","112.007"," 95.106","118.030","104.993"," 99.176","104.326"," 87.978","103.580","100.847"," 93.045","102.909","110.876","115.254"
"X2015M05","109.133","103.614"," 94.976","126.519","114.292"," 89.822","107.387"," 98.448"," 97.408"," 97.024"," 92.126"," 98.160"," 93.921"," 90.285","100.026","102.510","117.468"
"X2015M04","100.971"," 99.990"," 92.785","111.190","101.425"," 91.911","100.953"," 97.203"," 95.444"," 90.996"," 87.775"," 92.013"," 89.162"," 84.952"," 89.086"," 93.824","111.920"
"X2015M03","110.286","105.359","104.723","120.916","108.291","100.304","113.394","101.383","104.455"," 97.192"," 96.646","103.388"," 96.416"," 86.182"," 97.771","101.997","136.067"
"X2015M02"," 96.430"," 91.941"," 88.854","116.928","104.627"," 83.229","102.067"," 93.519"," 94.455"," 89.763"," 84.918"," 91.906"," 92.304"," 80.613"," 90.842"," 94.928","124.814"
"X2015M01"," 96.924"," 89.452"," 96.372","120.618","113.344"," 85.335","100.246"," 89.432"," 89.926"," 84.524"," 86.395"," 90.417"," 85.936"," 77.988"," 82.293"," 86.607","108.685"
"X2014M12"," 98.767"," 89.058"," 91.367","119.119","112.250"," 79.794"," 97.764"," 92.105"," 86.227"," 81.463"," 86.028"," 86.047"," 90.265"," 76.611"," 69.066"," 90.512","102.976"
"X2014M11"," 96.028"," 90.129"," 92.635","102.852","115.063"," 92.420","107.930"," 94.757"," 93.978"," 88.653"," 90.115"," 94.284"," 91.721"," 80.684"," 89.544"," 97.039","118.506"
"X2014M10"," 99.099","107.964"," 98.059","130.669","126.673"," 95.284","114.307","102.544","103.051"," 91.756"," 95.334"," 93.391"," 96.702"," 88.469"," 97.814","106.087","127.572"
"X2014M09","103.394","103.345"," 96.240","136.434","117.473"," 91.122","112.033","102.945"," 94.580"," 91.164","111.211"," 95.900"," 96.563"," 86.721"," 97.266","103.669","120.752"
"X2014M08"," 92.386"," 79.801"," 81.427","131.773","110.761"," 76.035"," 84.526"," 85.473"," 67.041"," 64.439","116.265"," 78.041"," 65.719"," 74.966"," 56.715"," 60.256"," 75.518"
"X2014M07","113.400","113.264"," 94.049","141.871","118.872"," 88.927","111.031","107.065","104.528","100.395"," 97.106"," 94.004"," 99.221"," 97.589"," 90.801","100.317","127.677"
"X2014M06","108.723","103.227"," 95.449","128.493","113.216"," 91.910","106.427"," 91.811"," 93.036"," 95.841"," 89.256"," 90.820"," 91.100"," 85.976"," 97.192","102.554","118.554"
"X2014M05","104.709","103.511"," 93.335","130.667","112.603"," 96.813","105.152"," 99.156"," 99.796"," 93.821"," 89.485"," 94.743"," 90.321"," 86.012"," 95.803"," 99.679","118.760"
"X2014M04"," 94.041"," 94.676"," 85.994","114.364","105.800"," 92.214","103.680"," 91.278"," 93.136"," 89.618"," 86.498"," 93.408"," 89.311"," 81.117"," 90.445"," 88.827","113.776"
"X2014M03","105.974","101.174"," 87.478","123.973","105.259"," 96.700","111.028"," 94.713"," 99.257"," 89.441"," 91.063"," 95.835"," 95.618"," 81.623"," 91.879","100.405","122.008"
"X2014M02"," 95.693"," 91.931"," 80.382","108.253","108.605"," 89.412","105.631"," 89.722"," 92.986"," 87.035"," 94.612"," 95.275"," 89.216"," 78.461"," 88.904"," 95.611","113.412"
"X2014M01","105.607"," 91.330"," 89.240","107.469","109.046"," 88.667","105.204"," 92.473"," 91.870"," 81.650"," 76.387"," 94.645"," 89.055"," 76.991"," 89.109"," 89.975","110.747"
"X2013M12","104.478"," 81.227"," 89.644","113.297","108.644"," 79.292"," 93.363"," 86.842"," 82.178"," 79.483"," 87.872"," 85.371"," 88.279"," 73.798"," 69.319"," 84.319"," 96.202"
"X2013M11"," 95.146"," 91.606"," 92.608","104.217","118.880"," 88.652","107.997"," 97.143"," 92.402"," 86.857"," 84.404"," 97.654"," 94.852"," 83.694"," 86.526","100.717","117.104"
"X2013M10","101.573"," 94.601","105.671","123.925","121.156"," 97.127","108.071","105.400","101.021"," 91.095"," 91.494","100.178"," 98.526"," 88.413"," 94.534","104.924","124.926"
"X2013M09"," 98.649"," 97.506"," 94.270","125.531","113.913"," 91.314","105.730","102.202"," 93.224"," 87.755","110.270"," 97.168"," 93.445"," 82.042"," 90.862"," 97.145","103.884"
"X2013M08"," 93.866"," 83.971"," 79.780","141.263","117.386"," 77.775"," 78.439"," 84.792"," 69.421"," 67.187","114.171"," 84.746"," 66.795"," 76.662"," 58.394"," 62.538"," 73.841"
"X2013M07","110.523","112.336"," 96.912","156.710","122.274"," 88.339","107.905","108.146","103.439"," 95.582"," 99.678","102.255"," 97.977"," 97.839"," 82.526"," 99.709","112.164"
"X2013M06"," 98.849","100.156"," 86.948","133.840","109.779"," 95.364"," 97.280"," 90.972"," 92.690"," 89.163"," 89.535"," 94.305"," 93.974"," 83.952"," 88.857","103.158","100.536"
"X2013M05","100.456","101.300"," 93.852","129.112","111.767"," 97.479","101.087"," 92.977"," 98.016"," 92.059"," 85.935","103.643"," 93.759"," 87.988"," 92.371","102.736","115.820"
"X2013M04"," 96.110"," 88.783"," 90.799","116.442","112.230","101.404","100.430"," 94.587"," 94.234"," 85.076"," 94.925","101.636"," 97.688"," 83.991"," 85.744"," 95.804","119.544"
"X2013M03"," 94.863"," 90.197"," 87.287","115.386","110.547"," 94.702"," 95.500"," 92.225"," 91.300"," 81.324"," 86.318"," 94.011"," 89.195"," 76.348"," 83.168"," 95.040","109.949"
"X2013M02"," 92.680"," 88.738"," 88.797","111.929","103.180"," 91.243"," 94.733"," 88.264"," 90.565"," 80.607"," 74.588"," 94.331"," 91.542"," 77.524"," 84.488"," 94.089","110.804"
"X2013M01"," 99.346"," 86.842"," 93.693","108.626","111.573"," 93.001"," 95.561"," 91.709"," 93.176"," 84.167"," 75.315"," 97.743"," 91.573"," 78.985"," 85.433"," 94.128","113.926"
"X2012M12"," 96.844"," 82.005"," 83.168","102.502","107.468"," 82.449"," 93.196"," 88.629"," 76.983"," 72.947"," 71.232"," 84.520"," 87.832"," 73.708"," 64.860"," 82.798"," 96.413"
"X2012M11"," 98.177"," 92.279"," 89.102","105.204","117.789"," 92.152","111.888","100.471"," 90.493"," 85.442"," 87.321"," 94.098"," 96.170"," 83.586"," 87.460","102.050","121.541"
"X2012M10","104.122"," 94.517"," 98.524","121.657","126.889"," 96.813","110.126","100.017"," 99.262"," 86.666"," 93.955"," 98.438"," 96.930"," 91.286"," 94.169","104.537","125.525"
"X2012M09"," 97.448"," 91.463"," 87.954","134.839","117.283"," 91.399"," 99.779"," 94.741"," 88.848"," 82.748","107.128"," 91.976"," 92.702"," 82.828"," 88.368"," 94.924","111.826"
"X2012M08"," 99.600"," 85.953"," 84.709","160.473","124.666"," 83.649"," 87.216"," 89.584"," 70.761"," 67.270","112.428"," 86.143"," 71.998"," 84.778"," 61.117"," 65.213"," 84.685"
"X2012M07","113.351","106.844"," 96.452","156.513","124.750"," 93.941","107.055","107.562"," 98.644"," 91.567"," 99.725"," 98.211","101.519"," 93.790"," 82.133","105.805","123.632"
"X2012M06","108.238","103.234"," 98.860","144.834","120.342","100.227","108.520"," 98.558"," 97.062"," 89.686"," 80.756"," 92.587"," 96.278"," 91.923"," 94.885","106.083","111.034"
"X2012M05","105.442","104.738","100.395","125.941","112.709","107.792","113.358"," 99.960"," 97.173"," 90.160"," 83.196"," 98.357","105.204"," 88.767"," 95.049","107.546","128.763"
"X2012M04"," 97.960"," 87.022"," 89.495","117.243","108.935"," 94.233","100.716"," 91.317"," 86.885"," 77.952"," 82.049"," 89.344"," 89.163"," 79.652"," 76.808"," 90.683","107.556"
"X2012M03","113.768","100.920"," 98.984","116.090","121.881","109.012","115.016"," 98.276"," 98.775"," 89.181"," 95.270"," 98.626","100.262"," 88.033"," 89.961","108.773","122.161"
"X2012M02","106.607","105.207","101.084","141.796","119.741"," 94.354","115.516"," 98.708"," 95.378"," 85.545"," 97.697"," 91.865"," 97.151"," 84.178"," 90.283","106.356","121.262"
"X2012M01","120.097"," 95.186"," 96.310","122.880","117.725"," 91.241","113.324"," 96.787"," 90.639"," 79.823"," 96.917"," 93.130"," 92.981"," 86.724"," 86.744"," 99.732","107.761"
"X2011M12","115.067"," 83.247"," 86.234","119.213","125.688"," 85.943","104.801"," 98.958"," 85.256"," 79.942","111.867"," 88.309"," 97.147"," 85.639"," 70.047"," 93.718","108.749"
"X2011M11","111.647","100.507"," 97.268","105.230","126.114"," 99.945","127.792","108.039"," 96.383"," 88.816","106.262","104.212","103.790"," 92.370"," 96.282","109.929","126.946"
"X2011M10","107.834"," 97.172","104.479","126.017","122.109"," 99.913","120.585","105.159"," 95.474"," 87.278"," 98.272"," 95.080","100.212"," 86.726"," 90.176","105.515","127.297"
"X2011M09","115.079","106.764","104.164","145.927","124.255","104.642","120.981","106.779","102.531"," 93.022","116.187"," 98.676","102.171"," 96.135","100.036","108.699","122.737"
"X2011M08","104.753"," 79.169"," 91.742","159.680","129.765"," 83.365"," 93.865"," 93.404"," 73.304"," 68.606","131.087"," 87.555"," 74.959"," 83.608"," 68.372"," 68.621"," 96.425"
"X2011M07","120.392","111.642"," 96.895","163.632","131.357"," 94.580","115.554","113.657","104.529"," 95.115","104.623"," 96.990","106.217"," 99.891"," 81.685","110.865","121.233"
"X2011M06","113.944","113.938","103.143","144.797","127.686"," 99.919","120.080","115.974","101.434"," 96.860","104.576","101.042","110.034","100.514","100.676","113.607","130.602"
"X2011M05","104.513","106.180","106.177","143.940","123.342","103.940","125.235","107.882","102.922"," 95.012","106.387","100.840","106.580"," 98.324","105.010","113.875","136.563"
"X2011M04","101.651"," 99.020"," 98.176","118.086","116.954","100.729","112.575","105.514"," 90.092"," 85.910","102.635"," 99.131","104.989"," 82.470"," 86.801"," 96.141","110.482"
"X2011M03","118.932","107.293","112.479","137.973","124.261","109.319","133.263","120.501","106.654","100.988","119.971","117.646","120.054"," 97.675","107.738","116.204","144.958"
"X2011M02","112.508"," 98.682","102.232","130.197","111.052"," 99.206","115.262","107.732"," 94.007"," 90.559","103.886","104.353","108.532"," 94.819"," 99.669","108.128","136.442"
"X2011M01","114.883"," 93.419"," 98.067","128.756","114.608"," 94.264","112.664","102.650"," 91.629"," 83.926","101.761","104.674","107.359"," 97.893"," 88.882"," 94.563","126.987"
