date,finland,latvia,estlink_1,estlink_2,russia_narva,russia_pihkva,imbalance_buy_price_x,imbalance_sell_price_x,imbalance_buy_price_GAS,imbalance_sell_price_GAS,calorific_value,ess_balance,import_total_x,import_latvia,import_finland,import_exchange,import_bilateral_contracts,export_total_x,export_latvia,export_finland,export_exchange,export_bilateral_contracts,input_total,input_local,renewable_total,renewable_wind,renewable_hydro,renewable_bio,nonrenewable_total,output_total,export_total_y,consumption_local_total,renewable_solar,import_total_y,price_houses,price_enterprise,prices2
1/1/2011,360.3325987,275.4545238,360.3325987,0,-138.1847342,2.00717248,46.15319892,41.21452957,,,,,,,,,,,,,,,,,,,,,,,,,,,7.35,6.81,
1/2/2011,269.2059466,260.2178013,269.2059466,0,-195.5185388,-9.841385231,55.95388393,50.83098214,,,,231.854,61.829,61.829,0,,,293.683,114.338,179.345,,,1147.146,1002.184,68.825,24.835,2.542,41.448,933.359,1147.146,363.335,783.811,,144.962,7.35,6.81,
1/3/2011,374.9443608,186.1927664,374.9443608,0,-91.8458749,-14.80494078,56.60416544,52.49664223,,,,341.896,91.4044,91.1554,0.249,,,433.3004,165.9077,267.3927,,,1205.277,1105.107,100.393,43.464,2.027,54.902,1004.714,1205.277,437.885,767.393,,100.17,7.35,6.81,
1/4/2011,357.9183566,70.78618727,357.9183566,0,-245.9842814,13.52924596,38.65613889,35.72098611,,,,129.204,272.732,271.239,1.494,,,401.936,156.651,245.285,,,987.743,781.093,86.137,22.279,4.043,59.815,694.957,987.743,349.041,638.702,,206.65,7.35,6.81,
1/5/2011,273.6144581,239.2929624,273.6144581,0,-172.7560755,7.119541316,40.8903629,37.34651882,,,,254.621,107.9054,107.1101,0.7953,,,362.5264,164.1297,198.3967,,,995.529,850.166,96.043,23.05,3.972,69.021,754.123,995.529,403.872,591.657,,145.363,7.35,6.81,
1/6/2011,192.2839465,401.5942696,192.2839465,0,-86.34126472,20.7583008,50.77848611,47.29908333,,,,386.4268,88.6452,79.6347,9.0105,,,475.072,333.7204,141.3516,,,996.86,897.636,84.914,17.572,1.612,65.729,812.722,996.86,480.295,516.565,,99.224,7.35,6.81,
1/7/2011,-62.30766924,465.708396,-62.30766924,0,6.647049351,13.68164676,53.93930108,48.01174731,,,,325.4931,154.9635,60.0324,94.9311,,,480.4566,438.3679,42.0887,,,977.75,838.778,46.667,12.924,1.058,32.685,792.111,977.75,455.115,522.635,,138.972,7.35,6.81,
1/8/2011,67.71593347,327.4572597,67.71593347,0,67.74317357,16.18763317,52.60346774,47.08115591,,,,363.9427,127.048,99.8171,27.2309,,,490.9907,418.4251,72.5656,,,956.641,905.694,85.297,18.072,1.535,65.69,820.397,956.641,407.837,548.805,,50.947,7.35,6.81,
1/9/2011,-128.3031471,365.6971584,-128.3031471,0,145.9341163,-12.84206737,44.70591667,38.49240278,,,,257.9825,195.4968,75.2686,120.2282,,,453.4793,431.4377,22.0416,,,972.133,828.943,110.828,33.217,1.557,76.054,718.115,972.133,410.378,561.756,,143.191,7.35,6.81,
1/10/2011,-197.2120313,425.3383632,-197.2120313,0,94.8006734,-34.966231,,,,,,204.9309,232.5948,62.8312,169.7636,,,437.5257,423.4971,14.0286,,,1067.316,857.947,118.357,40.468,2.645,75.245,739.589,1067.316,423.996,643.32,,209.369,7.35,6.81,
1/11/2011,101.9031626,331.2056591,101.9031626,0,107.773465,-22.10962122,43.88322222,37.5385,,,,366.5488,124.6026,85.2744,39.3282,,,491.1514,385.0094,106.142,,,1143.781,1063.166,122.176,35.949,2.603,83.624,940.99,1143.781,454.138,689.643,,80.616,7.35,6.81,
1/12/2011,153.0648977,204.2136938,153.0648977,0,63.5999206,15.72233485,41.57548754,38.6371261,,,,316.6123,134.3737,96.723,37.6507,,,450.986,176.3977,274.5883,,,1130.618,1063.849,155.899,59.522,4.298,92.078,907.951,1130.618,392.328,738.291,,66.769,7.35,6.81,
1/1/2012,-128.8761428,308.0973627,-128.8761428,0,-26.51873704,10.50266074,42.79758065,40.51137097,,,,,,,,,,,,,,,,,,,,,,,,,,,8.01,7.12,
1/2/2012,-31.60468581,468.6181283,-31.60468581,0,-279.3833716,-4.3069108,41.34435345,35.80522989,,,,103.8637,212.1048,121.5966,90.5082,,,315.9685,245.3041,70.6644,,,1259.284,952.063,120.535,32.684,2.159,85.692,831.528,1259.284,414.674,844.61,,307.22,8.01,7.12,
1/3/2012,-200.0063699,427.1653987,-200.0063699,0,-158.8158355,6.58523238,40.81726295,38.60821725,,,,45.3133,260.3752,89.568,170.8072,,,305.6885,290.673,15.0155,,,1112.721,810.439,135.454,43.363,3.349,88.742,674.984,1112.721,359.535,753.186,,302.282,8.01,7.12,
1/4/2012,-82.22254755,250.4863746,-82.22254755,0,-46.20835152,27.42622735,35.18306944,33.45206944,,,,95.4335,240.0679,125.5204,114.5475,,,335.5014,287.5761,47.9253,,,952.125,766.611,130.452,34.764,4.597,91.092,636.159,952.125,293.518,658.607,,185.514,8.01,7.12,
1/5/2012,-144.4055457,408.7351036,-144.4055457,0,-29.0720517,26.76600222,38.06784946,36.29137097,,,,179.7023,255.2745,110.7078,144.5667,,,434.9768,410.9298,24.047,,,1039.706,786.584,137.999,26.083,4.499,107.418,648.585,1039.706,447.621,592.085,,253.122,8.01,7.12,
1/6/2012,-200.8835047,413.5659536,-200.8835047,0,5.869368912,75.73728149,33.14913889,31.72211111,,,,188.4593,207.0566,27.3072,179.7494,,,395.5159,382.5802,12.9357,,,944.495,751.843,134.506,24.25,3.087,107.169,617.337,944.495,409.712,534.783,,192.652,8.01,7.12,
1/7/2012,-325.6282928,439.0164814,-325.6282928,0,53.61584866,23.27215066,44.16293011,42.52760753,,,,120.8598,292.5904,32.5871,260.0033,,,413.4502,413.4337,0.0165,,,974.978,675.375,67.502,26.637,2.128,38.737,607.873,974.978,443.208,531.771,,299.604,8.01,7.12,
1/8/2012,-46.2378944,441.7272877,-46.2378944,0,77.2951218,14.58599767,43.47979839,41.07294355,,,,347.8453,150.6405,50.17,100.4705,,,498.4858,441.9131,56.5727,,,1080.044,923.355,97.558,23.805,1.345,72.409,825.797,1080.044,519.615,560.43,,156.689,8.01,7.12,
1/9/2012,-129.2187464,396.2582806,-129.2187464,0,95.50440331,6.950519411,40.13498611,37.15079167,,,,256.6793,175.6959,61.7386,113.9573,,,432.3752,419.2994,13.0758,,,1007.671,850.376,91.632,44.414,1.827,45.391,758.744,1007.671,424.21,583.462,,157.295,8.01,7.12,
1/10/2012,-170.8970927,472.3663989,-170.8970927,0,24.5741217,12.57863016,48.47838172,46.32923387,,,,246.96,185.1097,39.1372,145.9725,,,432.0697,427.8547,4.215,,,1172.295,938.756,99.326,37.552,4.201,57.572,839.431,1172.295,486.42,685.875,,233.539,8.01,7.12,
1/11/2012,-59.25960007,283.4661881,-59.25960007,0,77.32039564,44.18383574,42.80919444,40.95565278,,,,243.5303,222.5743,128.0979,94.4764,,,466.1046,420.133,45.9716,,,1086.763,966.368,118.358,67.358,4.325,46.675,848.01,1086.763,369.88,716.882,,120.395,8.01,7.12,
1/12/2012,69.6015543,255.8800253,69.6015543,0,-13.15752263,6.051090328,50.59191838,46.71377322,,,,244.0494,227.3937,161.089,66.3047,,,471.4431,358.2591,113.184,,,1251.584,1094.35,100.773,51.905,3.337,45.53,993.577,1251.584,393.921,857.663,,157.234,8.01,7.12,
1/1/2013,6.284004491,312.494466,6.284004491,0,84.94871907,12.83844438,56.34901882,50.79771505,,,,,,,,,,,,,,,,,,,,,,,,,,,9.72,8.16,
1/2/2013,-78.69895564,403.5950866,-78.69895564,0,152.4487421,12.94552916,55.56285714,52.98848214,,,,329.852,262.939,147.93,115.008,,,592.791,535.981,56.81,,,1224.441,1063.228,71.654,24.772,2.522,44.36,991.575,1224.441,489.398,735.043,,161.212,9.72,8.16,
1/3/2013,-61.53379455,341.8160114,-61.53379455,0,211.8000906,-105.6963867,54.53221408,52.00585655,,,,293.707,285.552,171.996,113.556,,,579.258,513.664,65.594,,,1342.767,1096.002,100.223,44.921,1.716,53.581,995.779,1342.767,532.342,810.425,,246.765,9.72,8.16,
1/4/2013,72.49100305,261.287014,72.49100305,0,-38.27624226,24.95918035,47.32001389,45.17144444,,,,239.2717,306.5894,233.8177,72.7717,,,545.8611,421.1341,124.727,,,1071.648,920.876,104.266,51.669,3.184,49.406,816.61,1071.648,380.339,691.308,,150.772,9.72,8.16,
1/5/2013,-17.36704966,298.5941765,-17.36704966,0,91.67930919,59.73376694,47.43685484,45.47038978,,,,327.879,298.606,207.107,91.499,,,626.485,549.971,76.514,,,1058.553,928.81,84.87,32.697,3.876,48.286,843.94,1058.553,450.679,607.874,,129.743,9.72,8.16,
1/6/2013,-157.6011323,413.9321394,-157.6011323,0,135.2930226,-11.52880211,57.07901389,55.96351389,,,,276.541,144.0074,11.7582,132.2492,,,420.5484,408.5468,12.0016,,,987.804,816.993,66.181,23.292,1.342,41.534,750.812,987.804,444.04,543.764,,170.811,9.72,8.16,
1/7/2013,-228.4322231,479.3139977,-228.4322231,0,122.1361349,30.37520659,42.65291667,35.15736559,,,,279.0002,192.6428,4.4957,188.1471,,,471.643,465.2307,6.4123,,,1069.995,854.628,67.694,32.94,0.841,33.899,786.934,1069.995,515.737,554.258,,215.366,9.72,8.16,
1/8/2013,-109.6443073,482.6719146,-109.6443073,0,154.0678073,2.015628248,47.85715054,41.1124328,,,,384.6336,110.6396,2.626,108.0136,,,495.2732,470.9991,24.2741,,,1119.631,965.149,75.781,26.081,0.685,48.995,889.368,1119.631,548.303,571.328,,154.483,9.72,8.16,
1/9/2013,21.65178108,437.9514133,21.65178108,0,153.2607523,-36.67916416,40.64219444,32.86922222,,,,409.5923,41.7086,2.2738,39.4348,,,451.3009,396.6825,54.6184,,,1091.164,987.809,77.323,30.189,0.542,46.576,910.487,1091.164,517.89,573.275,,103.355,9.72,8.16,
1/10/2013,-113.9601818,430.8211191,-113.9601818,0,327.5554421,-134.9805227,,,,,,374.174,123.282,2.939,120.343,,,497.456,470.977,26.479,,,1275.046,1040.552,119.346,59.357,0.815,59.168,921.205,1275.046,612.715,662.332,,234.495,9.72,8.16,
1/11/2013,-243.3791949,490.911722,-205.2054441,-38.17375079,148.7237817,-10.4405685,59.24523611,57.48802778,,,,286.7572,184.4132,1.7813,182.6319,,,471.1704,455.3685,15.8019,,,1257.106,974.395,125.699,63.788,3.03,58.88,848.696,1257.106,560.525,696.581,,282.711,9.72,8.16,
1/12/2013,-452.1968059,447.2214367,-55.89987489,-396.296931,92.988328,30.61825197,50.47437072,46.06391373,,,,76.2703,366.4171,2.691,363.7261,,,442.6874,426.1856,16.5018,,,1238.224,833.928,155.898,87.282,3.665,64.95,678.03,1238.224,490.571,747.653,,404.296,9.72,8.16,
1/1/2014,-555.5145265,486.0661137,-72.33446919,-483.1800573,128.4523883,56.83599894,49.15931452,44.42776882,,,,,,,,,,,,,,,,,,,,,,,,,,,9.24,7.52,
1/2/2014,-613.3133223,485.9615163,-57.02646854,-556.2868537,290.4579713,54.84705231,43.58260417,37.18376488,,,,122.8229,436.2118,3.0514,433.1604,,,559.0347,555.0013,4.0334,,,1299.112,865.096,108.979,50.217,2.617,56.14,756.117,1299.112,574.963,724.149,,434.016,9.24,7.52,
1/3/2014,-483.0687012,418.0571678,-30.99141645,-452.0772847,150.675899,103.9499257,43.63398949,41.56529081,,,,127.1549,378.9691,5.7874,373.1817,,,506.124,500.0221,6.1019,,,1235.829,861.68,127.949,65.629,3.687,58.601,733.731,1235.829,510.929,724.9,,374.148,9.24,7.52,
1/4/2014,-481.1007858,428.9046012,-22.09251539,-459.0082704,210.4217966,63.63511857,36.44379167,32.76755556,,,,136.7627,368.8424,2.1017,366.7407,,,505.6051,500.916,4.6891,,,1202.747,807.034,108.968,44.331,2.949,61.621,698.065,1202.747,551.724,651.023,,395.713,9.24,7.52,
1/5/2014,-382.2454563,492.7764148,-22.92118143,-359.3242749,268.8950497,-8.159785009,38.4566129,33.77028226,,,,256.36,306.14,3.24,302.9,,,562.5,554.46,8.04,,,1198.112,890.967,88.192,35.742,2.7,49.684,802.775,1198.112,578.386,619.726,,307.145,9.24,7.52,
1/6/2014,-219.9106221,541.7640918,-12.68250515,-207.2281169,214.930572,-12.41451956,45.00086111,39.57073611,,,,366.7268,180.8293,1.4719,179.3574,,,547.56,532.0428,15.5133,,,1134.239,935.65,98.022,33.024,2.027,62.902,837.628,1134.239,573.339,560.899,,198.589,9.24,7.52,
1/7/2014,-208.1544527,506.8588085,-207.7136518,-0.440800829,142.6399516,35.4795862,47.19571237,42.03947581,,,,348.77,174.68,3.48,171.2,,,523.44,516.25,7.19,,,1143.561,918.327,84.926,29.933,1.518,53.368,833.401,1143.561,576.371,567.19,,225.235,9.24,7.52,
1/8/2014,-298.2806804,428.7784182,-66.55045081,-231.7302296,191.9019854,38.71424039,46.66083333,43.94541667,,,,261.29,230.1,0.84,229.26,,,491.39,486.37,5.02,,,1087.056,854.33,109.706,42.233,1.016,66.371,744.624,1087.056,499.262,587.794,,232.726,9.24,7.52,
1/9/2014,-324.7364493,391.4326718,-24.79037787,-299.9460714,309.6239975,-1.024537234,42.19916667,40.33723611,,,,255.91,249.47,2.97,246.5,,,505.39,501.82,3.57,,,1126.177,874.055,103.048,38.682,1.302,62.988,771.007,1126.177,520.045,606.132,,252.123,9.24,7.52,
1/10/2014,-329.0399802,331.8375221,-114.4153856,-214.6245946,314.5149204,63.66881811,45.9651957,43.52242688,,,,276.15,260.84,4.97,255.87,,,536.99,530.66,6.33,,,1228.723,975.544,146.869,63.049,1.214,82.577,828.675,1228.723,533.829,694.894,,253.179,9.24,7.52,
1/11/2014,-370.3111739,294.8671677,-7.367464942,-362.943709,348.4157245,41.32655799,51.17736111,48.82411111,,,,220.8,283.5,2.82,280.68,,,504.3,495.31,9,,,1226.441,952.714,114.747,43.966,1.428,69.35,837.968,1226.441,496.149,730.292,,273.727,9.24,7.52,
1/12/2014,-451.5933687,394.0797267,-25.98557185,-425.6077968,297.6282221,80.39475275,45.09493035,41.63200513,,,,230.78,355.72,4.05,351.66,,,586.5,575.17,11.33,,,1375.762,1030.435,155.376,83.01,2.427,69.938,875.059,1375.762,580.034,795.727,,345.327,9.24,7.52,
1/1/2015,-567.7248664,373.2854308,-65.72282489,-502.0020415,402.6474106,41.80100744,32.31232527,30.22971774,,,,,,,,,,,,,,,,,,,,,,,,,,,9.24,7.36,
1/2/2015,-449.703995,459.4001241,-36.66193046,-413.0420645,281.076768,55.21981453,28.73602679,27.16412202,,,,222.28,333.5,10.92,322.58,,,555.78,540.63,15.15,,,1261.989,947.391,135.047,69.407,3.541,62.1,812.323,1261.989,543.427,718.562,,314.597,9.24,7.36,
1/3/2015,-591.0394232,254.9470272,-100.4684253,-490.5709979,283.1208075,58.51643083,27.33027981,25.8045088,,,,-12.607,471.996,13.064,458.932,,,459.389,448.087,11.303,,,1195.307,743.461,148.193,75.294,4.459,68.441,595.185,1195.307,450.632,744.675,,451.846,9.24,7.36,
1/4/2015,-612.7384973,533.4989329,-77.78925315,-534.9492441,54.14452005,45.25678753,25.76031944,23.41529167,,,,-6.292,470.111,2.161,467.949,,,463.819,460.021,3.798,,,1210.112,687.494,133.307,57.958,3.75,71.599,554.081,1210.112,531.418,678.694,,522.617,9.24,7.36,
1/5/2015,-506.982484,512.4703891,-255.9801577,-251.0023263,141.1353077,35.61116128,26.87645161,22.00033602,,,,103.345,410.512,2.394,408.118,,,513.857,510.779,3.078,,,1171.269,764.228,112.089,45.196,2.913,63.98,651.93,1171.269,537.129,634.14,,407.041,9.24,7.36,
1/6/2015,-785.7580035,538.6028245,-191.4943587,-594.2636448,219.0664791,-9.391359896,34.54997222,28.62276389,,,,-50.375,597.774,1.309,596.465,,,547.399,544.867,2.532,,,1130.919,538.181,105.84,50.61,0.93,54.299,432.109,1130.919,557.922,572.997,,592.738,9.24,7.36,
1/7/2015,-675.7486924,465.0214496,-122.1381225,-553.6105698,169.7011249,47.52820643,36.43147849,30.15474462,,,,-18.776,530.23,0.829,529.401,,,511.453,505.869,5.584,,,1090.589,570.415,82.557,41.511,0.705,40.341,487.623,1090.589,517.57,573.019,,520.174,9.24,7.36,
1/8/2015,-462.4187488,425.3864014,-49.77485793,-412.6438909,88.31457832,66.11342006,35.73073925,30.38069892,,,,61.741,381.28,2.367,378.913,,,443.021,431.399,11.622,,,1045.504,674.916,97.013,29.668,0.442,66.903,577.614,1045.504,452.52,592.985,,370.588,9.24,7.36,
1/9/2015,-441.7981131,535.1231504,-40.7450069,-401.0531062,139.2444365,16.20749756,34.54594444,31.58865278,,,,154.306,342.105,4.318,337.787,,,496.411,491.453,4.958,,,1176.546,797.611,103.782,36.881,0.784,66.117,693.705,1176.546,552.927,623.619,,378.935,9.24,7.36,
1/10/2015,-591.1341208,552.76296,-100.7873963,-490.3467245,32.72757062,98.85477455,39.52012366,36.2744914,,,,50.891,475.057,2.256,472.801,,,525.948,519.353,6.594,,,1338.481,779.789,125.387,42.546,0.554,82.287,654.248,1338.481,622.042,716.44,,558.692,9.24,7.36,
1/11/2015,-508.9543591,283.6634032,-59.23191106,-449.7224481,225.0079291,95.68120113,34.50822222,30.66720833,,,,48.141,393.895,4.998,388.898,,,442.036,431.564,10.472,,,1159.19,774.971,137.031,63.117,1.16,72.754,637.888,1159.19,444.69,714.5,,384.219,9.24,7.36,
1/12/2015,-516.2790198,203.5208933,-51.22665458,-465.0523652,296.899651,76.77707732,31.80848118,29.46819892,,,,30.797,414.497,6.645,407.852,,,445.294,431.519,13.775,,,1195.011,790.045,165.922,94.495,3.155,68.273,624.078,1195.011,442.953,752.058,,404.966,9.24,7.36,
1/1/2016,-327.8980056,273.6024845,-31.31929098,-296.5787146,260.3983971,52.35280823,45.4943414,42.75909946,,,,,,,,,,,,,,,,,,,,,,,,,,,8.87,7.18,
1/2/2016,-698.6377966,374.382998,-168.850773,-529.7870236,223.6356099,106.0064267,26.37501437,23.64928161,,,,-17.667,525.209,11.793,513.416,,,507.541,492.666,14.876,,,1249.316,743.871,128.921,62.086,4.069,62.766,614.91,1249.316,501.639,747.677,,505.444,8.87,7.18,
1/3/2016,-728.3176972,339.242854,-188.2493516,-540.0683456,183.2790892,92.18715935,28.51879888,26.02252322,,,,-116.081,598.972,10.883,588.089,,,482.891,471.125,11.766,,,1252.132,672.335,105.65,36.108,3.817,65.725,566.551,1252.132,481.384,770.747,,579.797,8.87,7.18,
1/4/2016,-400.5038299,365.5204945,-185.1152097,-215.3886203,38.65757036,97.75680624,32.25941667,29.52019444,,,,56.977,341.388,22.24,319.148,,,398.364,374.759,23.605,,,1095.938,740.701,113.195,40.942,4.33,67.924,627.262,1095.938,424.085,671.853,,355.237,8.87,7.18,
1/5/2016,-567.9133711,444.9233752,-98.99613376,-468.9172373,71.42094295,46.52415469,28.86495968,25.87219086,,,,-18.682,453.598,5.011,448.587,,,434.916,422.772,12.144,,,1074.308,611.799,86.068,21.799,2.868,61.401,525.249,1074.308,452.335,621.973,,462.508,8.87,7.18,
1/6/2016,-432.101209,404.1438226,-42.10242167,-389.9987873,170.2046284,0.146667616,46.63173611,43.38202778,,,,98.347,345.712,8.75,336.962,,,444.059,424.803,19.257,,,1019.611,664.158,99.398,38.649,1.359,59.389,564.31,1019.611,452.821,566.79,,355.453,8.87,7.18,
1/7/2016,-254.7293563,517.9528208,2.714861268,-257.4442176,19.29162285,75.25871887,35.98208333,33.64122312,,,,256.637,212.242,2.717,209.525,,,468.88,455.706,13.174,,,1103.079,834.122,74.663,37.494,2.104,35.065,759.009,1103.079,530.856,572.223,,268.957,8.87,7.18,
1/8/2016,-70.5224353,430.1416452,4.344535069,-74.86697037,98.46339214,71.95503044,31.93278226,28.85435484,,,,381.7884,124.0124,16.0737,107.9387,,,505.8008,456.1021,49.6987,,,1130.272,1005.936,123.812,48.508,2.869,72.436,881.779,1130.272,515.971,614.301,,124.337,8.87,7.18,
1/9/2016,-62.14276476,345.7041154,12.9927976,-75.13556236,138.8146752,74.68627978,32.84956944,29.79763889,,,,352.7944,134.036,14.1906,119.8454,,,486.8304,416.3674,70.463,,,1106.06,969.983,103.73,36.703,2.833,64.194,865.939,1106.06,492.312,613.748,,136.077,8.87,7.18,
1/10/2016,81.48553076,196.1957878,5.759139611,75.72639115,143.592849,61.02833147,45.01567473,42.64608548,,,,347.6498,72.1688,12.8256,59.3432,,,419.8186,304.7098,115.1088,,,1161.54,1066.42,153.693,72.071,1.897,79.724,912.585,1161.54,451.409,710.131,,95.12,8.87,7.18,
1/11/2016,363.1614006,103.0759165,45.57121464,317.5901859,-90.20726619,31.56669256,38.40488889,35.16013889,,,,273.7334,96.3327,79.5429,16.7898,,,370.0661,98.5786,271.4875,,,1216.371,1081.75,159.704,69.468,3.157,87.079,921.956,1216.371,424.271,792.099,,134.62,8.87,7.18,
1/12/2016,-35.88204992,190.5301969,-7.544271241,-28.33777868,-29.39666536,71.9600654,26.29718964,22.48732405,,,,,,,,,,,,,,,1145.302,942.453,150.098,79.826,3.766,66.506,792.262,1145.302,347.835,797.467,,202.849,8.87,7.18,
1/1/2017,-105.4247205,299.914144,8.527270486,-113.951991,122.6264366,90.49465848,26.97295699,23.79236559,,,,,,,,,,,,,,,,,,,,,,,,,,,8.58,7.16,
1/2/2017,-108.9016505,305.3634238,-6.63279411,-102.2688563,96.31540516,63.89218337,36.29535714,31.68744048,,,10.49357143,232.5839,186.6537,26.3773,160.2764,,,419.2376,336.934,82.3036,,,1176.912,992.272,126.44,53.564,1.854,71.021,865.723,1176.912,421.27,755.642,0.109,184.64,8.58,7.16,
1/3/2017,176.0464953,1.715632306,26.07863631,149.967859,103.0259226,72.73514208,28.79839443,24.35565494,,,10.49677419,248.8687,92.997,54.7848,38.2122,,,341.8657,177.3075,164.5582,,,1162.751,1039.122,156.475,68.115,3.309,85.051,882.342,1162.751,383.542,779.209,0.305,123.629,8.58,7.16,
1/4/2017,151.8502136,16.25185825,28.243078,123.6071356,66.08938144,39.94461861,30.14040278,25.28034722,,,10.50133333,182.1036,123.9541,57.5881,66.366,,,306.0577,137.374,168.6837,,,1031.314,889.673,149.821,56.271,3.393,90.157,739.346,1031.314,335.99,695.324,0.506,141.641,8.58,7.16,
1/5/2017,58.03529344,261.0734716,7.573314382,50.46197905,143.3926754,32.2513767,32.61896505,28.01384409,,,10.49,351.838,97.271,24.782,72.489,,,449.109,337.003,112.106,,,1120.379,1017.711,116.929,30.896,2.129,83.903,899.872,1120.379,469.442,650.938,0.91,102.668,8.58,7.16,
1/6/2017,-194.9605094,343.9840237,-7.777468877,-187.1830406,193.6676697,63.55029869,33.56979167,29.39625,,,10.504,276.6086,199.2343,9.3624,189.8719,,,475.8429,433.0547,42.7882,,,1072.909,874.124,121.04,55.694,0.852,64.494,752.209,1072.909,489.561,583.348,0.875,198.786,8.58,7.16,
1/7/2017,-284.1655078,465.777924,-25.21341839,-258.9520894,60.75489292,28.45765654,38.92224462,34.95010753,,,10.46516129,190.8335,262.9847,10.3988,252.5859,,,453.8182,421.2115,32.6067,,,1049.157,768.949,99.046,34.134,0.758,64.155,669.106,1049.157,477.907,571.251,0.797,280.208,8.58,7.16,
1/8/2017,-131.4249613,369.4424102,-16.24789487,-115.1770665,41.3950541,34.86360178,45.78306452,41.56087366,,,10.43909677,231.1882,185.1696,9.9116,175.258,,,416.3578,342.3442,74.0136,,,1068.634,852.456,115.691,48.888,1.364,65.439,736.059,1068.634,446.921,621.713,0.706,216.178,8.58,7.16,
1/9/2017,-141.1225328,253.2097338,-1.306618588,-139.8159142,133.2434234,-1.21012978,44.02543056,38.93852778,,,10.48753333,173.7112,150.9259,18.2156,132.7103,,,324.6371,295.9968,28.6403,,,980.352,827.057,121.486,45.971,1.887,73.629,705.162,980.352,326.863,653.489,0.409,153.295,8.58,7.16,
1/10/2017,-87.84120836,230.609027,-2.103484595,-85.73772376,125.069143,33.11968341,35.3552871,30.96884677,,,10.46935484,217.5792,191.5997,27.2603,164.3394,,,409.1789,314.3039,94.875,,,1168.111,971.221,155.365,60.959,3.02,91.386,815.669,1168.111,417.138,750.973,0.187,196.89,8.58,7.16,
1/11/2017,-161.5797024,303.0596561,-7.590604792,-153.9890977,28.54013829,109.6709862,41.20929167,36.84305556,,,10.469,195.029,204.6428,26.5921,178.0507,,,399.6718,342.296,57.3758,,,1205.531,980.071,165.464,67.633,3.572,94.258,814.46,1205.531,423.515,782.016,0.148,225.46,8.58,7.16,
1/12/2017,-211.8961935,223.6681848,-4.973348315,-206.9228452,-94.18181771,182.2312452,39.07226906,34.4451393,,,10.48290323,70.7681,225.7564,23.827,201.9294,,,296.5245,255.6762,40.8483,,,1177.516,879.625,172.313,78.478,4.094,89.741,707.272,1177.516,367.331,810.185,0.04,297.891,8.58,7.16,
1/1/2018,-88.22845843,241.6161307,-11.81150251,-76.41695593,-23.05157157,98.83904728,,,,,,,,,,,,,,,,,,,,,,,,,,,,,8.95,7.32,
1/2/2018,-101.8706806,297.7697142,-8.46073998,-93.40994065,-53.28275172,28.8631998,,,,,10.48892857,108.6665,227.966,60.8165,167.1495,,,336.6325,240.7287,95.9038,,,1213.143,941.971,115.877,34.667,2.443,78.767,825.93,1213.143,383.319,829.825,0.164,271.172,8.95,7.32,
1/3/2018,116.7623418,308.2002062,22.32872342,94.43361836,-182.5246701,135.5837396,,,,,10.47774194,277.3406,134.3894,48.8024,85.587,,,411.73,242.3188,169.4112,,,1394.354,1141.037,138.771,48.826,1.992,87.953,1001.607,1394.354,531.89,862.465,0.659,253.317,8.95,7.32,
1/4/2018,187.8066084,241.3219139,56.21405447,131.5925539,-39.59786238,10.29899809,30.35195833,30.35195833,,,10.448,307.071,107.9077,50.1363,57.7714,,,414.9787,224.4123,190.5664,,,1143.189,997.726,144.302,49.753,3.967,90.583,852.355,1143.189,441.591,701.598,1.069,145.463,8.95,7.32,
1/5/2018,-356.8174159,317.6497972,-30.37900063,-326.4384153,75.85782637,52.12564206,37.45299731,37.45299731,,,10.43774194,63.201,299.773,11.581,288.192,,,362.974,344.946,18.028,,,1035.181,710.871,108.796,30.015,2.97,75.811,599.926,1035.181,383.653,651.528,2.149,324.309,8.95,7.32,
1/6/2018,-333.2694873,384.4632406,-14.32690793,-318.9425794,24.81812084,66.79153529,45.17386111,45.17386111,,,10.46366667,97.8717,280.4108,10.3224,270.0884,,,378.2825,356.6046,21.6779,,,1007.588,696.146,118.76,45.043,0.565,73.151,575.365,1007.588,406.746,600.842,2.021,311.442,8.95,7.32,
1/7/2018,-30.24903586,413.3086274,-3.420471416,-26.82856445,-109.0071422,26.00822316,78.76759409,78.76759409,,,10.45580645,215.5941,135.5436,18.1585,117.3851,,,351.1377,254.9221,96.2156,,,1039.941,822.307,112.933,33.442,0.352,79.139,707.425,1039.941,433.845,606.097,1.948,217.635,8.95,7.32,
1/8/2018,15.11847578,449.8872612,27.19883464,-12.08035886,-47.74611685,2.243209162,52.42142473,52.42142473,,,10.45193548,315.2505,153.9842,28.4523,125.5319,,,469.2347,341.8901,127.3446,,,1155.549,935.825,127.511,39.454,0.272,87.785,806.517,1155.549,522.802,632.748,1.796,219.725,8.95,7.32,
1/9/2018,-225.5470262,444.137932,-2.564717431,-222.9823088,36.09863868,20.37033975,,,,,10.48033333,198.7845,281.4921,23.2707,258.2214,,,480.2766,388.4686,91.808,,,1126.59,815.642,161.386,69.657,0.308,91.421,652.695,1126.59,499.725,626.865,1.56,310.949,8.95,7.32,
1/10/2018,-448.7520808,430.1007116,-27.63657335,-421.1155074,85.77882115,72.10851066,,,,,10.46677419,100.3381,363.1069,7.2539,355.853,,,463.445,446.4795,16.9655,,,1195.605,814.528,171.63,71.335,0.649,99.646,641.631,1195.605,474.181,721.425,1.266,381.077,8.95,7.32,
1/11/2018,-320.0845422,488.5286812,-21.9112784,-298.1732638,-4.72744838,77.54897829,58.31854167,58.31854167,,,10.43966667,170.8846,292.2326,12.734,279.4986,,,463.1172,417.5897,45.5275,,,1277.119,937.861,158.591,56.491,1.109,100.991,779.095,1277.119,504.232,772.887,0.175,339.258,8.95,7.32,
1/12/2018,-421.6397596,401.6805892,-61.68747981,-359.9522798,-132.0200342,23.4500707,46.88183407,46.88183407,,,10.44516129,-97.3028,378.1265,24.9078,353.2187,,,280.8237,250.2307,30.593,,,1217.236,748.972,152.479,52.312,1,99.166,596.445,1217.236,363.791,853.445,0.048,468.264,8.95,7.32,
1/1/2019,-23.93361111,369.8732566,-1.01612481,-22.9174863,-168.2836111,29.36469387,59.41389785,59.41389785,,,,,,,,,,,,,,,,,,,,,,,,,,,9.17,7.57,55.79
1/2/2019,-237.4823513,380.8024551,-43.40572765,-194.0766237,-241.4265685,-5.174940079,41.98415179,41.98415179,,,10.46357143,-78.5758,312.0837,67.4499,244.6338,,,233.5079,157.7866,75.7213,,,1100.33,690.659,183.407,95.372,2.416,85.619,506.627,1100.33,333.352,766.978,0.624,409.672,9.17,7.57,47.26
1/3/2019,-167.7632454,247.8578717,-15.06071119,-152.7025342,-258.9386262,13.86480256,35.79598363,35.79598363,,,10.47903226,-132.8556,256.3992,68.8696,187.5296,,,123.5436,70.563,52.9806,,,1052.757,677.493,184.041,84.54,4.024,95.476,491.157,1052.757,248.064,804.693,2.295,375.265,9.17,7.57,40.08
1/4/2019,-360.5334357,383.8316987,-57.56804402,-302.9653917,-144.3230784,6.778739792,41.94911111,41.94911111,,,10.44266667,-101.3753,316.2362,21.3777,294.8585,,,214.8609,194.7408,20.1201,,,1019.571,598.788,131.607,38.262,3.617,89.728,460.71,1019.571,331.716,687.855,6.471,420.783,9.17,7.57,42.11
1/5/2019,-504.4274094,297.7398803,-83.09298048,-421.3344289,6.22159039,-35.15600692,55.86615591,55.86615591,17.14,14.6,10.41677419,-191.3678,447.6589,42.1181,405.5408,,,256.2911,235.7451,20.546,,,979.916,490.879,145.052,44.264,2.278,98.511,340.844,979.916,306.242,673.674,4.983,489.036,9.17,7.57,42.35
1/6/2019,-706.366535,413.4655368,-163.7186197,-542.6479153,-100.0566823,13.11262868,37.79127778,37.79127778,15.45,12.98,10.455,-284.6771,564.7664,17.3696,547.3968,,,280.0893,271.994,8.0953,,,928.962,312.366,115.397,40.306,0.661,74.43,189.664,928.962,333.782,595.18,7.305,616.596,9.17,7.57,43.47
1/7/2019,-745.713522,479.8501501,-165.3985399,-580.3149821,-93.16200763,-20.59154264,51.23348118,51.23348118,13.62,11.22,10.47741935,-289.0067,586.9017,7.3911,579.5106,,,297.895,290.6435,7.2515,,,977.851,307.287,108.716,33.71,0.453,74.553,190.927,977.851,381.306,596.545,7.643,670.564,9.17,7.57,48.97
1/8/2019,-390.8842658,269.2988521,-38.09478067,-352.7894851,-196.2984533,20.65813126,57.94856183,57.94856183,13.72,11.32,10.44290323,-225.4344,374.9529,56.943,318.0099,,,149.5185,129.9626,19.5559,,,869.61,402.65,133.817,35.176,0.318,98.323,260.589,869.61,242.649,626.962,8.245,466.96,9.17,7.57,49.05
1/9/2019,-322.6619657,210.3725432,-13.70762454,-308.9543411,-121.5288278,-9.115733588,50.16454167,50.16454167,13.31,10.93,10.49233333,-185.412,336.737,71.63,265.107,,,151.325,129.523,21.802,,,844.055,462.178,162.603,56.014,0.47,106.118,292.217,844.055,203.737,640.318,7.359,381.877,9.17,7.57,48.78
1/10/2019,-533.3181916,124.8586308,-99.0323763,-434.2858153,33.17213431,-20.26464319,48.51393656,48.51393656,15.66354839,13.87,10.59193548,-298.829,503.869,70.955,432.914,,,205.041,181.463,23.578,,,950.982,439.627,179.248,54.09,1.84,123.318,255.561,950.982,209.94,741.042,4.819,511.354,9.17,7.57,47.69
1/11/2019,-282.0993009,,-11.34315541,-270.7561455,,,50.21131944,50.21131944,17.9,14.59,10.48533333,-247.719,345.138,98.005,247.132,,,97.419,60.679,36.74,,,970.01,565.756,211.891,61.026,2.366,148.498,349.904,970.01,153.331,816.679,3.961,404.253,9.17,7.57,45.72
1/12/2019,-448.5521898,234.2502952,-85.37200838,-363.1801814,-225.5570314,-11.48574562,33.49899316,33.49899316,18.65,15.34,10.47516129,-344.257,475.558,89.07,386.488,,,131.302,101.258,30.043,,,1013.622,454.904,204.454,89.207,1.991,113.257,250.123,1013.622,218.106,795.515,0.327,558.718,9.17,7.57,39.04
1/1/2020,-786.4171489,243.5422073,-234.6903926,-551.7267563,-6.886024976,31.16639107,29.51665323,29.51665323,,,,,,,,,,,,,,,,,,,,,,,,,,,8.48,6.74,30.82
1/2/2020,-745.3913824,156.1932881,-191.0261147,-554.3652677,-36.86414587,43.10923808,34.87682471,34.87682471,12.80482759,11.1362069,10.4737931,-421.566,623.681,79.743,543.938,,,202.115,189.299,12.816,,,986.803,368.023,198.493,104.43,4.043,90.019,167.279,986.803,206.295,780.508,2.252,618.78,8.48,6.74,28.09
1/3/2020,-706.8386362,86.65379191,-157.9634894,-548.8751468,56.69154916,45.70707077,32.99493513,32.99493513,11.27096774,9.931612903,10.44451613,-405.478,613.669,60.884,552.785,,,208.191,193.654,14.537,,,988.398,389.662,194.418,83.692,4.453,106.273,186.769,988.398,207.334,781.064,8.476,598.736,8.48,6.74,23.99
1/4/2020,-798.6254514,200.079375,-203.3774306,-595.2480208,54.83856481,19.73655093,25.59930556,25.59930556,10.33266667,8.73,10.48266667,-395.449,642.205,35.497,606.708,,,246.756,234.07,12.686,,,922.879,292.61,171.362,76.737,3.691,90.934,108.755,922.879,245.806,677.074,12.492,630.27,8.48,6.74,23.68
1/5/2020,-776.9844136,,-185.379265,-591.6051487,,,26.06275538,26.06275538,8.301290323,7.393225806,10.50096774,-372.206,656.588,42.573,614.015,,,284.382,266.118,18.264,,,908.363,282.13,143.244,49.563,2.264,91.416,120.595,908.363,264.707,643.656,18.291,626.233,8.48,6.74,25.02
1/6/2020,-660.5042116,211.6198198,-141.0172344,-519.4869772,107.3078665,9.215124401,43.06159722,43.06159722,8.277666667,7.284,10.56066667,-252.508,538.283,33.598,504.686,,,285.776,273.937,11.839,,,874.181,336.547,124.153,36.225,1.285,86.644,193.997,874.181,291.87,582.311,18.397,537.633,8.48,6.74,37.76
1/7/2020,-933.8204973,376.6344198,-286.459655,-647.3608423,196.2680556,32.35323701,31.63270161,31.63270161,8.396774194,6.769354839,10.56225806,-255.125,732.721,11.194,721.527,,,477.596,470.316,7.28,,,1044.928,337.461,149.297,48.573,1.042,99.681,169.789,1044.928,453.716,591.212,18.375,707.467,8.48,6.74,30.17
1/8/2020,-499.6299843,228.434991,-90.36686828,-409.263116,138.1522065,22.12567204,41.31033602,41.31033602,8.699354839,7.048387097,10.57870968,-82.506,432.97,24.998,407.972,,,350.464,325.314,25.15,,,947.545,528.034,151.69,26.211,0.826,124.653,358.614,947.545,332.422,615.123,17.73,419.511,8.48,6.74,40.92
1/9/2020,-630.9196528,314.8298264,-159.0117708,-471.9078819,63.77516204,15.14209491,42.78034722,42.78034722,10.42933333,8.477666667,10.59066667,-184.941,506.715,24.548,482.167,,,321.774,306.657,15.117,,,971.793,464.86,188.528,66.577,0.878,121.073,264.032,971.793,330.542,641.251,12.3,506.933,8.48,6.74,39.55
1/10/2020,-713.6015318,263.1086389,-176.8370403,-536.7644915,87.24977061,28.50221953,42.48765591,42.48765591,14.56870968,11.91967742,10.51580645,-264.108,575.09,22.626,552.464,,,310.982,303.6,7.382,,,1035.193,459.555,203.264,64.111,1.138,138.015,249.231,1035.193,319.959,715.234,7.06,575.638,8.48,6.74,37.65
1/11/2020,-872.0450104,192.1193597,-261.6085929,-610.4364174,248.0289063,24.58630257,51.43627778,51.43627778,14.74766667,12.065,10.49166667,-310.095,656.391,13.286,643.106,,,346.297,342.996,3.301,,,1099.793,450.685,214.34,81.876,2.34,130.124,234.269,1099.793,347.853,751.94,2.077,649.108,8.48,6.74,40.99
1/12/2020,-752.083819,95.57288103,-212.1998819,-539.8839372,164.4560209,10.56672776,50.90514418,50.90514418,15.25806452,12.48483871,10.49419355,-373.581,658.716,57.008,601.709,,,285.135,254.944,30.192,,,1121.697,489.588,224.076,79.526,3.081,141.47,264.806,1121.697,265.674,856.023,0.706,632.109,8.48,6.74,45.50
1/1/2021,-514.788245,150.2932094,-96.75840065,-418.0298444,-79.90836569,3.290702468,67.57305108,67.57305108,,,,,,,,,,,,,,,,,,,,,,,,,,,12.42,10.57,53.57
1/2/2021,-501.1188864,162.0310516,-100.1210317,-400.9978547,-79.45967262,10.70244296,46.86784226,46.86784226,21.83642857,17.19285714,10.53571429,-281.323,461.681,77.097,384.583,,,180.358,142.208,38.149,,,1063.006,572.039,196.529,50.895,2.041,143.593,371.923,1063.006,211.398,851.608,3.588,490.967,12.42,10.57,59.12
1/3/2021,-755.440091,194.4828148,-183.990816,-571.449275,-83.0240685,46.41612724,41.66612377,41.66612377,19.81516129,16.15806452,10.53419355,-459.672,652.674,69.808,582.867,,,193.002,182.192,10.81,,,1076.271,392.932,207.846,81.024,3.969,122.852,170.395,1076.271,230.239,846.032,14.692,683.339,12.42,10.57,43.51
1/4/2021,-822.3549315,260.6854956,-222.3144181,-600.0405134,172.4562938,-33.89112688,39.87027778,39.87027778,20.72233333,16.93233333,10.483,-312.044,639.25,26.918,612.332,,,327.205,320.16,7.045,,,1078.951,415.981,204.997,67.913,3.96,133.124,181.18,1078.951,349.047,729.904,29.804,662.97,12.42,10.57,43.69
1/5/2021,-629.5279742,212.9599831,-117.8961226,-511.6318516,56.18560708,-34.10409821,40.04783602,40.04783602,24.52129032,20.02548387,10.46516129,-297.866,538.839,36.239,502.6,,,240.973,216.734,24.239,,,932.762,381.331,177.826,48.564,3.558,125.705,165.986,932.762,251.003,681.76,37.519,551.432,12.42,10.57,48.36
1/6/2021,-777.8356258,379.3544743,-188.323481,-589.5121448,227.2002375,-30.42603562,66.26901389,66.26901389,29.00433333,23.73166667,10.453,-158.009,600.463,14.564,585.9,,,442.455,428.278,14.177,,,1051.432,452.766,161.104,25.077,1.468,134.56,232.494,1051.432,445.534,605.897,59.168,598.666,12.42,10.57,71.81
1/7/2021,-705.165569,408.791129,-148.2835797,-556.8819892,186.5924619,-43.62275986,78.5661828,78.5661828,34.39225806,28.13903226,10.47096774,-127.682,583.074,24.061,559.012,,,455.392,431.595,23.797,,,1078.397,496.932,158.463,36.772,0.382,121.309,278.398,1078.397,460.853,617.544,60.07,581.466,12.42,10.57,83.70
1/8/2021,-941.8565972,596.6517361,-301.8338262,-640.0227711,154.5169131,-76.43800403,96.24887097,96.24887097,41.27709677,33.77258065,10.42741935,-192.886,727.937,8.147,719.79,,,535.051,530.854,4.197,,,1209.847,438.061,177.399,60.431,0.54,116.429,222.239,1209.847,562.366,647.481,38.423,771.786,12.42,10.57,87.15
1/9/2021,-935.8295139,,-300.0002884,-635.8292255,,,110.1212222,110.1212222,53.72433333,43.839,10.43833333,-123.237,699.314,6.815,692.499,,,576.076,572.856,3.221,,,1297.087,565.3,132.896,57.616,0.476,74.804,399.475,1297.087,621.861,675.226,32.93,731.787,12.42,10.57,122.37
1/10/2021,-927.974419,464.9546729,-296.9291911,-631.0452279,305.9420703,0,99.07994194,99.07994194,73.72419355,60.34548387,10.46290323,-119.918,726.839,12.364,714.475,,,606.921,599.623,7.299,,,1298.428,593.835,241.921,97.55,0.753,143.618,330.485,1298.428,578.214,720.214,21.429,704.593,12.42,10.57,105.61
1/11/2021,-805.034294,153.5879745,-245.6968866,-559.3374074,474.2126042,3.281041667,150.7336111,150.7336111,85.82066667,70.00166667,10.45866667,-133.766,612.391,9.789,602.602,,,478.624,466.659,11.965,,,1263.841,650.46,229.985,79.72,2.491,147.774,414.597,1263.841,480.092,783.749,5.878,613.381,12.42,10.57,116.88
1/12/2021,-636.4247505,131.8119552,-140.8174782,-495.6072723,396.5833099,-12.16492648,262.6802981,262.6802981,100.4977419,86.6,10.44645161,-96.249,517.628,25.909,491.72,,,421.379,407.125,14.255,,,1356.012,816.551,181.003,75.975,2.38,102.648,634.68,1356.012,444.097,911.915,0.869,539.461,12.42,10.57,202.55
1/1/2022,-831.5542563,,-240.6563508,-590.8979055,,,137.1522984,137.1522984,,,,,,,,,,,,,,,,,,,,,,,,,,,21.06,19.58,141.86
1/2/2022,-852.6319196,205.0564732,-239.6084821,-613.0234375,292.8865327,-20.41140873,74.64747024,74.64747024,88.5575,76.23178571,10.4775,-257.332,618.517,18.721,599.796,,,361.185,346.821,14.365,,,1122.391,504.343,213.452,84.056,3.114,114.983,290.891,1122.391,356.967,765.425,11.299,618.048,21.06,19.58,104.59
1/3/2022,-960.8607899,562.6958038,-315.7496198,-645.11117,222.9041095,67.8865793,,,103.0212903,88.04129032,10.46483871,-97.134,733.695,4.753,728.942,,,636.561,633.303,3.258,,,1466.25,727.767,228.157,51.652,3.894,116.254,499.609,1466.25,648.083,818.167,56.358,738.483,21.06,19.58,151.16
1/4/2022,-840.8471527,342.7175504,-222.863656,,198.8200288,22.79073417,,,120.542,104.007,10.54633333,-219.272,644.593,10.658,633.935,,,425.321,410.885,14.437,,,1141.586,522.851,238.571,62.028,4.054,103.995,284.28,1141.586,412.122,729.465,68.494,618.736,21.06,19.58,100.71
1/5/2022,-592.7883332,455.4291237,-134.7125702,-458.075763,180.4571555,17.73239412,,,117.3616129,99.52483871,10.50290323,,,,,,,,,,,,1192.062,707.713,282.781,59.656,2.926,142.45,424.932,1192.062,523.123,668.938,77.748,484.349,21.06,19.58,151.36
1/6/2022,-735.7944213,594.7829745,-169.4766435,-566.3177778,129.7095486,39.30368056,,,122.6906667,105.9603333,10.56866667,,,,,,,,,,,,1167.928,618.725,230.452,33.977,1.442,106.873,388.273,1167.928,562.131,605.797,88.16,549.203,21.06,19.58,174.60
1/7/2022,-687.0056452,530.3571461,-158.9445789,-528.0610663,188.2963934,-1.849137545,,,180.5264516,155.833871,10.65225806,,,,,,,,,,,,1136.964,604.526,228.863,35.324,0.734,108.268,375.663,1136.964,548.361,588.603,84.537,532.438,21.06,19.58,233.69
1/8/2022,-779.8798541,540.6908773,-211.1425546,-568.7372996,157.8435051,-1.066773974,,,243.9287097,210.666129,10.65516129,,,,,,,,,,,,1164.426,560.718,189.833,35.94,0.36,71.11,370.884,1164.426,534.223,630.203,82.424,603.708,21.06,19.58,360.70
1/9/2022,-804.5233218,714.6569444,-179.5339352,-624.9893866,190.3067245,18.69025463,,,234.2683333,202.1826667,10.647,,,,,,,,,,,,1293.399,697.353,216.667,30.002,0.348,130.535,480.686,1293.399,674.293,619.106,55.782,596.046,21.06,19.58,229.42
1/10/2022,-877.509629,629.6985645,-266.1067352,-611.4028938,169.0098593,17.6054776,,,144.3512903,124.1735484,10.70935484,,,,,,,,,,,,1289.157,613.351,225.106,71.147,0.507,127.744,388.245,1289.157,619.15,670.008,25.708,675.806,21.06,19.58,174.15
1/11/2022,-579.4639634,263.1941997,-133.9078258,-445.5561377,190.1129087,19.63986767,,,128.7523333,110.7873333,10.69633333,,,,,,,,,,,,1108.968,641.095,172.792,48.512,0.722,118.892,468.302,1108.968,382.918,726.05,4.666,467.873,21.06,19.58,219.23
1/12/2022,-630.3748204,235.3269809,-156.2207871,-474.1540333,195.0371021,31.09571185,,,135.4064516,115.817,10.60516129,,,,,,,,,,,,1200.603,689.796,174.539,61.532,0.863,110.575,515.257,1200.603,376.661,823.942,1.569,510.807,21.06,19.58,263.05
1/1/2023,-763.0880712,159.7059028,-207.5547827,-555.5332885,218.3141465,7.86344086,,,,,,,,,,,,,,,,,,,,,,,,,,,,,,,99.38
1/2/2023,-883.0100296,203.2616573,-259.8840372,-623.1259924,264.7610608,30.09328034,,,64.34535714,55.43142857,10.56928571,,,,,,,,,,,,1084.996,469.308,206.648,70.689,2.986,121.935,262.661,1084.996,348.777,736.219,11.037,615.688,,,113.09
1/3/2023,-712.1840848,165.8855613,-180.1178554,-532.0662294,39.08349404,124.7241487,,,53.82645161,46.12548387,10.73612903,,,,,,,,,,,,1064.82,487.601,245.333,73.128,3.388,130.086,242.268,1064.82,285.876,778.944,38.73,577.219,,,87.08
1/4/2023,-466.7850156,66.48017814,-56.37340278,-410.4116128,-46.48685564,88.75195687,,,53.97266667,46.61166667,10.59966667,,,,,,,,,,,,806.682,377.985,240.695,50.773,3.619,98.917,137.29,806.682,166.563,640.12,87.386,428.697,,,65.88
1/5/2023,-894.6323812,,-271.3626994,-623.2696818,,,,,42.41419355,36.44935484,10.81451613,,,,,,,,,,,,1087.868,406.938,255.76,45.195,1.766,90.985,151.178,1087.868,467.423,620.445,117.814,680.93,,,65.69
1/6/2023,-709.1986027,,-303.2530978,-405.9455049,,,,,40.05033333,34.433,10.877,,,,,,,,,,,,915.378,393.45,225.128,27.226,0.47,70.938,168.322,915.378,379.641,535.737,126.494,521.928,,,91.54
1/7/2023,-938.928405,439.8426747,-295.9115143,-643.0168907,153.9464606,37.2390233,,,40.47516129,34.95580645,10.99258065,,,,,,,,,,,,1005.51,295.468,208.332,42.033,0.303,63.919,87.136,1005.51,471.456,534.055,102.077,710.042,,,79.35
1/8/2023,-757.0360987,342.2744058,-210.4774886,-546.5586101,42.41438773,39.83746175,,,46.09129032,39.43709677,10.79096774,,,,,,,,,,,,980.403,332.765,187.614,40.069,0.323,64.275,145.15,980.403,391.775,588.627,82.948,647.638,,,94.49
1/9/2023,-927.6392824,389.8353009,-302.4184375,-625.2208449,153.3074537,92.32905093,,,46.71466667,40.34466667,10.578,,,,,,,,,,,,1043.961,362.6,223.875,56.436,0.567,91.067,138.724,1043.961,462.097,581.863,75.806,681.361,,,113.19
1/10/2023,-928.5073147,300.1615252,-311.0337103,-617.4736045,86.7731435,68.66611142,,,51.69612903,44.62290323,10.57193548,,,,,,,,,,,,1064.76,351.535,223.528,90.232,2.068,93.988,128.007,1064.76,351.206,713.554,37.24,713.224,,,87.49
1/11/2023,-835.4158449,218.2301736,-264.8355787,-570.5802662,47.12729167,91.7803588,,,49.69333333,42.61066667,10.63433333,,,,,,,,,,,,1064.912,414.809,171.976,48.827,3.364,111.801,242.833,1064.912,297.34,767.573,7.983,650.103,,,105.34
1/12/2023,-593.3484736,18.21961551,-144.26953,-449.0789437,51.9599778,56.60877831,,,40.50290323,34.68935484,10.66516129,,,,,,,,,,,,1057.598,483.22,192.342,53.564,3.045,133.918,290.878,1057.598,220.148,837.45,1.815,574.378,,,88.91
